,Round,NoiseMultiplier,sparse_categorical_accuracy,loss
0,0.0,0.0,0.09411735832691193,2.6429052352905273
1,10.0,0.0,0.12279585003852844,2.1735265254974365
